{
  "temp_cabin3_back_34u_c": {
    "mean": 33.747022587269,
    "std": 0.27057313400456384
  },
  "temp_cabin3_back_24u_c": {
    "mean": 24.22977412731007,
    "std": 0.2269260485879249
  },
  "temp_cabin3_back_22u_c": {
    "mean": 24.52792607802875,
    "std": 0.2763810026055531
  },
  "temp_cabin3_back_20u_c": {
    "mean": 23.85605749486653,
    "std": 0.35835475749312207
  },
  "temp_cabin3_back_28u_c": {
    "mean": 25.211909650924024,
    "std": 0.4239515973898984
  },
  "temp_cabin3_back_42u_c": {
    "mean": 28.310061601642712,
    "std": 0.34853962902653174
  },
  "temp_cabin3_back_30u_c": {
    "mean": 24.529363449691996,
    "std": 0.12268474038115446
  },
  "temp_cabin3_back_40u_c": {
    "mean": 27.878644763860372,
    "std": 0.2529412425140957
  },
  "temp_cabin3_back_32u_c": {
    "mean": 25.813552361396304,
    "std": 0.13125953110819824
  },
  "temp_cabin3_back_26u_c": {
    "mean": 23.870225872689932,
    "std": 0.19202944650350856
  },
  "temp_cabin3_back_38u_c": {
    "mean": 34.05256673511293,
    "std": 0.29622640898838254
  },
  "temp_cabin3_back_36u_c": {
    "mean": 31.260780287474333,
    "std": 0.44491399969748824
  }
}